Workbook

Sheet 原始数据
A1: 工况 | B1: θ (°) | C1: ω (°) | D1: d (m) | E1: l (m) | F1: D | G1: H (m) | H1: λ | I1: S | J1: ζmin | K1: E (GPa)
A2: Case1 | B2: 180 | C2: 45 | D2: 1.25 | E2: 6 | F2: 0.4 | G2: 50 | H2: 0.5 | I2: Ⅰ | J2: 0.878586 | K2: 34
A3: Case2 | B3: 45 | C3: 50 | D3: 2 | E3: 3 | F3: 0.3 | G3: 50 | H3: 0.75 | I3: Ⅰ | J3: 0.844874 | K3: 34
A4: Case3 | B4: 67.5 | C4: 25 | D4: 1.5 | E4: 12 | F4: 0.7 | G4: 50 | H4: 0.75 | I4: Ⅰ | J4: 0.726393 | K4: 34
A5: Case4 | B5: 0 | C5: 10 | D5: 0.75 | E5: 7.5 | F5: 0.4 | G5: 50 | H5: 1 | I5: Ⅰ | J5: 0.895452 | K5: 34
A6: Case5 | B6: 135 | C6: 45 | D6: 1.5 | E6: 7.5 | F6: 0.2 | G6: 50 | H6: 1.25 | I6: Ⅰ | J6: 1.005485 | K6: 34
A7: Case6 | B7: 45 | C7: 10 | D7: 1.75 | E7: 4.5 | F7: 0.4 | G7: 50 | H7: 1.5 | I7: Ⅰ | J7: 1.048231 | K7: 34
A8: Case7 | B8: 45 | C8: 40 | D8: 0.75 | E8: 10.5 | F8: 0.1 | G8: 50 | H8: 1.75 | I8: Ⅰ | J8: 1.34548 | K8: 34
A9: Case8 | B9: 135 | C9: 15 | D9: 0.75 | E9: 3 | F9: 0 | G9: 50 | H9: 2 | I9: Ⅰ | J9: 2.325248 | K9: 34
A10: Case9 | B10: 0 | C10: 35 | D10: 0.5 | E10: 13.5 | F10: 0.4 | G10: 50 | H10: 2.25 | I10: Ⅰ | J10: 0.658791 | K10: 34
A11: Case10 | B11: 90 | C11: 10 | D11: 0.5 | E11: 10.5 | F11: 0.7 | G11: 50 | H11: 2.25 | I11: Ⅰ | J11: 0.823991 | K11: 34
A12: Case11 | B12: 67.5 | C12: 10 | D12: 0.75 | E12: 12 | F12: 0.8 | G12: 50 | H12: 2.5 | I12: Ⅰ | J12: 0.697265 | K12: 34
A13: Case12 | B13: 112.5 | C13: 30 | D13: 2 | E13: 12 | F13: 0.8 | G13: 50 | H13: 2.5 | I13: Ⅰ | J13: 0.487762 | K13: 34
... A601: Case600 | B601: 0 | C601: 0 | D601: 0 | E601: 0 | F601: 0.8 | G601: 200 | H601: 1 | I601: Ⅳ | J601: 0.58542 | K601: 3.4

Sheet 归一化数据
A1: 工况 | B1: θ (°) | C1: ω (°) | D1: d (m) | E1: l (m) | F1: D | G1: H (m) | H1: λ | I1: E (GPa) | J1: ζmin
A2: Case1 | B2: 1 | C2: 0.9 | D2: 0.555556 | E2: 0.444444 | F2: 0.5 | G2: 0 | H2: 0 | I2: =(原始数据!K2-MIN(原始数据!$K$2:$K$601))/(MAX(原始数据!$K$2:$K$601)-MIN(原始数据!$K$2:$K$601)) -> 1 | J2: 0.289156
A3: Case2 | B3: 0.25 | C3: 1 | D3: 0.888889 | E3: 0.222222 | F3: 0.375 | G3: 0 | H3: 0.125 | I3: =(原始数据!K3-MIN(原始数据!$K$2:$K$601))/(MAX(原始数据!$K$2:$K$601)-MIN(原始数据!$K$2:$K$601)) -> 1 | J3: 0.273287
A4: Case3 | B4: 0.375 | C4: 0.5 | D4: 0.666667 | E4: 0.888889 | F4: 0.875 | G4: 0 | H4: 0.125 | I4: =(原始数据!K4-MIN(原始数据!$K$2:$K$601))/(MAX(原始数据!$K$2:$K$601)-MIN(原始数据!$K$2:$K$601)) -> 1 | J4: 0.217515
A5: Case4 | B5: 0 | C5: 0.2 | D5: 0.333333 | E5: 0.555556 | F5: 0.5 | G5: 0 | H5: 0.25 | I5: =(原始数据!K5-MIN(原始数据!$K$2:$K$601))/(MAX(原始数据!$K$2:$K$601)-MIN(原始数据!$K$2:$K$601)) -> 1 | J5: 0.297095
A6: Case5 | B6: 0.75 | C6: 0.9 | D6: 0.666667 | E6: 0.555556 | F6: 0.25 | G6: 0 | H6: 0.375 | I6: =(原始数据!K6-MIN(原始数据!$K$2:$K$601))/(MAX(原始数据!$K$2:$K$601)-MIN(原始数据!$K$2:$K$601)) -> 1 | J6: 0.34889
A7: Case6 | B7: 0.25 | C7: 0.2 | D7: 0.777778 | E7: 0.333333 | F7: 0.5 | G7: 0 | H7: 0.5 | I7: =(原始数据!K7-MIN(原始数据!$K$2:$K$601))/(MAX(原始数据!$K$2:$K$601)-MIN(原始数据!$K$2:$K$601)) -> 1 | J7: 0.369012
A8: Case7 | B8: 0.25 | C8: 0.8 | D8: 0.333333 | E8: 0.777778 | F8: 0.125 | G8: 0 | H8: 0.625 | I8: =(原始数据!K8-MIN(原始数据!$K$2:$K$601))/(MAX(原始数据!$K$2:$K$601)-MIN(原始数据!$K$2:$K$601)) -> 1 | J8: 0.508935
A9: Case8 | B9: 0.75 | C9: 0.3 | D9: 0.333333 | E9: 0.222222 | F9: 0 | G9: 0 | H9: 0.75 | I9: =(原始数据!K9-MIN(原始数据!$K$2:$K$601))/(MAX(原始数据!$K$2:$K$601)-MIN(原始数据!$K$2:$K$601)) -> 1 | J9: 0.970137
A10: Case9 | B10: 0 | C10: 0.7 | D10: 0.222222 | E10: 1 | F10: 0.5 | G10: 0 | H10: 0.875 | I10: =(原始数据!K10-MIN(原始数据!$K$2:$K$601))/(MAX(原始数据!$K$2:$K$601)-MIN(原始数据!$K$2:$K$601)) -> 1 | J10: 0.185693
A11: Case10 | B11: 0.5 | C11: 0.2 | D11: 0.222222 | E11: 0.777778 | F11: 0.875 | G11: 0 | H11: 0.875 | I11: =(原始数据!K11-MIN(原始数据!$K$2:$K$601))/(MAX(原始数据!$K$2:$K$601)-MIN(原始数据!$K$2:$K$601)) -> 1 | J11: 0.263457
A12: Case11 | B12: 0.375 | C12: 0.2 | D12: 0.333333 | E12: 0.888889 | F12: 1 | G12: 0 | H12: 1 | I12: =(原始数据!K12-MIN(原始数据!$K$2:$K$601))/(MAX(原始数据!$K$2:$K$601)-MIN(原始数据!$K$2:$K$601)) -> 1 | J12: 0.203804
A13: Case12 | B13: 0.625 | C13: 0.6 | D13: 0.888889 | E13: 0.888889 | F13: 1 | G13: 0 | H13: 1 | I13: =(原始数据!K13-MIN(原始数据!$K$2:$K$601))/(MAX(原始数据!$K$2:$K$601)-MIN(原始数据!$K$2:$K$601)) -> 1 | J13: 0.105185
... A601: Case600 | B601: 0 | C601: 0 | D601: 0 | E601: 0 | F601: 1 | G601: 0.375 | H601: 0.25 | I601: =(原始数据!K601-MIN(原始数据!$K$2:$K$601))/(MAX(原始数据!$K$2:$K$601)-MIN(原始数据!$K$2:$K$601)) -> 0.072727273 | J601: 0.151155

Sheet η与损伤状态
A1: 工况 | B1: η | C1: 损伤状态 | D1: 门控值g | E1: 控制截面
A2: Case1 | B2: 0.572505 | C2: DS1 | D2: 0.822 | E2: void_edge
A3: Case2 | B3: 0.488289 | C3: DS1 | D3: 0.7016 | E3: void_edge
A4: Case3 | B4: 0.807026 | C4: DS2 | D4: 0.8049 | E4: void_edge
A5: Case4 | B5: 0.445621 | C5: DS1 | D5: 0.1652 | E5: arch_foot
A6: Case5 | B6: 0.367821 | C6: DS0 | D6: 0.3787 | E6: arch_foot
A7: Case6 | B7: 0.445621 | C7: DS0 | D7: 0.1652 | E7: arch_foot
A8: Case7 | B8: 0.247353 | C8: DS0 | D8: 0.1652 | E8: arch_foot
A9: Case8 | B9: 0.054379 | C9: DS0 | D9: 0.0745 | E9: arch_foot
A10: Case9 | B10: 0.536253 | C10: DS2 | D10: 0.6525 | E10: void_edge
A11: Case10 | B11: 0.752647 | C11: DS1 | D11: 0.2799 | E11: arch_foot
A12: Case11 | B12: 0.85499 | C12: DS2 | D12: 0.3274 | E12: arch_foot
A13: Case12 | B13: 0.927495 | C13: DS3 | D13: 0.9468 | E13: void_edge
... A601: Case600 | B601: 0.818737 | C601: DS3 | D601: 0.0745 | E601: arch_foot
